Nombre,ID,Telefono,Direccion
Derek,16200215 6483,1-647-361-6552,"300-307 Nec, Road"
Hayden,16850324 5204,1-110-292-2644,1414 Sit Rd.
Andrew,16820923 9709,1-863-333-3534,Ap #151-1645 Molestie Road
Lionel,16020909 9019,553-8319,"Ap #931-6700 Ut, Road"
Caesar,16801203 3018,1-511-891-5605,8418 Magna Avenue
Lester,16001003 0989,372-3969,1736 Vitae Rd.
Daniel,16360619 9879,217-6086,Ap #570-4876 Scelerisque Avenue
Lucas,16260430 4523,1-389-389-7887,"P.O. Box 903, 6958 Gravida Road"
Allen,16050708 3202,1-117-613-1794,7050 Est. Rd.
Devin,16161028 6039,1-555-869-4939,"P.O. Box 618, 9209 Mauris St."
Merritt,16410125 7261,1-835-433-5337,5473 Dapibus Road
Yardley,16420229 8313,715-4816,8077 Volutpat. Ave
Reed,16950405 2706,243-3251,544-4533 Mauris Rd.
Blake,16450104 4970,1-461-842-9226,"P.O. Box 152, 8969 Pede Street"
Lars,16670908 1803,274-2609,Ap #366-9147 Rhoncus Street
Tarik,16021230 2202,1-672-803-2868,Ap #172-6707 Aenean St.
Laith,16190519 7453,967-2057,"P.O. Box 937, 274 Iaculis St."
Yuli,16870210 4400,385-9244,7906 Velit Road
Dylan,16330530 2774,972-3905,Ap #391-232 Dui. Rd.
Kenneth,16731010 2277,959-8061,"P.O. Box 386, 6506 Pharetra, Avenue"
Nigel,16790427 2635,287-2122,"P.O. Box 368, 9193 Rhoncus. St."
Tanner,16331116 0828,526-3927,"602-5480 In, Ave"
Mannix,16810316 5539,1-435-591-9452,623-3055 Dolor Rd.
Benjamin,16680911 5402,381-0793,"392-8670 Ornare, Road"
Paki,16290206 8515,1-683-271-9670,"P.O. Box 618, 2528 Donec St."
Graiden,16280710 3946,1-952-114-2786,"P.O. Box 665, 8668 Sed Ave"
Mannix,16920422 0066,339-0619,"P.O. Box 140, 4105 Purus. Road"
Stone,16110818 1056,1-534-393-3354,4647 Nisi Ave
Davis,16050213 9231,1-729-474-1618,9901 Donec Ave
Xanthus,16001215 8457,1-500-983-2030,5143 Amet Rd.
Ezra,16611003 0266,415-1924,3714 Eleifend Road
Buckminster,16871228 1651,1-636-533-8952,"P.O. Box 615, 3187 Fringilla Avenue"
Nehru,16390728 8611,1-742-766-4613,Ap #103-2136 Tellus. Street
Kibo,16060722 6990,1-144-814-3058,Ap #515-9413 Gravida. Avenue
Roth,16600302 9979,1-130-209-8126,Ap #958-9493 In Rd.
Hilel,16961121 2540,1-452-342-3604,495-2123 Porta Street
Edward,16090719 1779,1-699-822-1363,1325 Leo. Road
Ulric,16041211 1114,803-9776,Ap #503-6947 Nunc Av.
George,16390630 3494,1-393-417-3349,7682 Lorem St.
Steven,16220730 1744,1-187-771-6494,5175 Luctus. Road
Wayne,16710713 3808,164-6995,7264 Dolor St.
Linus,16100515 7076,369-1718,Ap #102-277 Habitant Ave
Rajah,16370602 3441,1-692-290-4720,8080 Vel Ave
Dolan,16160803 6206,1-608-890-8555,Ap #121-6690 Lobortis Rd.
Carter,16070725 7994,1-556-622-0769,734-3210 Massa St.
Myles,16800216 7388,1-284-342-1969,"P.O. Box 316, 9743 Nibh Ave"
Ian,16590915 8973,852-9623,Ap #951-1630 Feugiat. Av.
Darius,16130704 8122,104-7726,Ap #496-2433 Lorem Av.
Wade,16360310 8048,1-211-537-4421,9661 Sed Rd.
Quinlan,16420925 2529,874-9124,"P.O. Box 905, 7138 Odio Rd."
Elijah,16210617 0802,1-576-106-6142,"P.O. Box 371, 2498 Molestie Rd."
Brett,16350227 1244,1-641-272-5959,"P.O. Box 580, 4849 Morbi Ave"
Blake,16710517 7047,935-5224,893-7762 Luctus Rd.
Cody,16030111 5283,718-8560,249-3448 Semper St.
Jarrod,16061209 3757,596-1022,"P.O. Box 385, 4484 Nibh. Street"
Owen,16050501 5289,745-8211,5027 A Street
Steven,16281119 5029,1-194-544-1677,5807 At St.
Rigel,16800126 6413,1-313-996-4124,8656 Nisl. Rd.
Walter,16190222 8244,341-6996,838-8294 Arcu. Rd.
Nero,16691221 0975,576-6831,"Ap #103-1689 Ut, Av."
Hall,16700310 3681,421-4311,"P.O. Box 923, 7095 Molestie Road"
Nash,16410419 4685,168-6782,7483 Lacinia Ave
Hamish,16370614 6606,904-8203,238-6171 Dui. Ave
Prescott,16870723 5142,1-308-526-2014,"P.O. Box 191, 6849 Adipiscing Avenue"
Trevor,16940507 9675,314-9838,426-9668 Sit Av.
Avram,16650314 4427,1-964-703-7724,156 Purus. Rd.
Xanthus,16621130 4925,1-883-273-9989,Ap #564-298 Nunc Avenue
Lyle,16090602 6067,561-0603,288-3870 Cubilia Av.
Merrill,16751209 0981,334-2984,"P.O. Box 684, 4710 Sed, St."
Nehru,16271207 9397,463-1775,6216 Laoreet Road
Prescott,16221230 3511,1-760-687-9910,334-6423 Enim. Rd.
Logan,16350222 7428,118-1904,"198-905 Magna, St."
Vaughan,16860125 6210,779-3377,"550-7376 Dui, St."
Amal,16190828 4043,1-126-244-5017,Ap #393-3294 Blandit Rd.
Lane,16540120 3863,1-707-311-2773,"P.O. Box 804, 7579 Scelerisque Road"
Brock,16791106 5717,1-842-616-0844,"P.O. Box 608, 3345 Ut Av."
Clinton,16950104 1678,1-658-122-9550,Ap #702-4354 Nullam Ave
Hop,16230609 5460,628-6949,451-1563 Scelerisque Rd.
Hector,16380314 2532,498-0386,Ap #198-4033 Imperdiet Road
Oscar,16230730 9829,1-204-590-8056,417-1297 Suspendisse Street
Boris,16820717 8537,1-605-380-9001,202-6337 Nulla Avenue
Clinton,16530611 6434,423-4830,Ap #384-9117 Non Rd.
Erich,16360308 8893,1-345-555-2040,283-2447 Lectus. Rd.
Luke,16070918 0095,356-9846,"P.O. Box 388, 2922 Porttitor Street"
Nathan,16521118 8833,1-638-181-9691,590-7045 A Rd.
Preston,16910614 5130,121-1062,Ap #243-7291 Ut Street
Hop,16391225 8286,1-357-749-7576,"P.O. Box 551, 4147 Convallis Rd."
Timon,16960909 4157,1-486-437-0510,Ap #832-7948 Quam Rd.
Raja,16420408 8167,1-123-594-9150,2806 Faucibus Avenue
Norman,16550429 8778,1-670-973-2295,7996 Interdum. Avenue
Griffith,16980726 5211,1-993-208-6307,Ap #192-4660 Lobortis St.
Dolan,16850612 4984,246-9913,"P.O. Box 604, 1650 In Street"
Branden,16080527 7787,335-2852,Ap #765-8774 At Av.
Joseph,16640909 9717,1-959-238-4319,"535-4048 Ornare, Street"
Jackson,16931229 7840,656-8629,9103 Velit Av.
Jamal,16580211 2374,206-8319,"P.O. Box 548, 7169 Tristique Street"
Kaseem,16710204 7607,207-3876,1430 Erat St.
Drew,16991203 5988,1-521-396-8899,Ap #566-7054 Sit Rd.
Colton,16321009 7352,942-0227,"P.O. Box 207, 5893 Ut, Ave"
Dominic,16371201 0796,765-2110,363-5636 Egestas. Av.